﻿<?xml version="1.0" encoding="utf-8" ?>
<Employees>
  <Employee>
    <Name>Ali</Name>
    <Age>21</Age>
    <Salary>4500.00</Salary>
  </Employee>
  <Employee>
    <Name>Abu</Name>
    <Age>23</Age>
    <Salary>4000.00</Salary>
  </Employee>
  <Employee>
    <Name>Ahmad</Name>
    <Age>22</Age>
    <Salary>4100.00</Salary>
  </Employee>
  <Employee>
    <Name>Abdullah</Name>
    <Age>25</Age>
    <Salary>5100.00</Salary>
  </Employee>
  <Employee>
    <Name>Aaron</Name>
    <Age>20</Age>
    <Salary>2100.00</Salary>
  </Employee>
</Employees>
